WKT,osm_id,name,access,addr.city,addr.city.simc,addr.housename,addr.housenumber,addr.postcode,addr.street,amenity,brand,brand.wikidata,brand.wikipedia,check_date,check_date.opening_hours,construction.shop,description,door,entrance,level,name.ru,opening_hours,operator,parking,shop,source,source.addr,source.position,toilets.wheelchair,website,wheelchair,nazwa_dzie,supermarket
"POINT (20.9793484 52.2600102)","11299498900",Lidl,,,,,,,,,Lidl,,,,,,,,,,,"Mo-Sa 06:00-23:00; Su 08:00-21:00",,,supermarket,,,,,https://www.lidl.pl/,,Żoliborz,Lidl
"POINT (21.0984567 52.2422615)","775618311",,,,,,,,,,,,,,,,,,,,,,,,,,,,,,,Praga-Południe,Lidl
"POINT (21.09937 52.2421144)","775618313",,,,,,,,,,,,,,,,,,,,,,,,,,,,,,,Praga-Południe,Lidl
"POINT (21.09945 52.2420972)","775618323",,,,,,,,,,,,,,,,,,,,,,,,,,,,,,,Praga-Południe,Lidl
"POINT (21.0840051 52.2297983)","3520475511",,,,,,,,,,,,,,,,,,,,,,,,,,,,,,,Praga-Południe,Lidl
"POINT (21.084253 52.229869)","3520475512",,,,,,,,,,,,,,,,,,,,,,,,,,,,,,,Praga-Południe,Lidl
"POINT (21.0842659 52.2298611)","3520475513",,,,,,,,,,,,,,,,,,,,,,,,,,,,,,,Praga-Południe,Lidl
"POINT (21.0843312 52.2298945)","3520475514",,,,,,,,,,,,,,,,,,,,,,,,,,,,,,,Praga-Południe,Lidl
"POINT (21.0842753 52.229936)","3520475515",,,,,,,,,,,,,,,,,,,,,,,,,,,,,,,Praga-Południe,Lidl
"POINT (21.0845568 52.2301449)","3520475516",,,,,,,,,,,,,,,,,,,,,,,,,,,,,,,Praga-Południe,Lidl
"POINT (21.0844247 52.2302559)","3520475517",,,,,,,,,,,,,,,,,,,,,,,,,,,,,,,Praga-Południe,Lidl
"POINT (21.0838067 52.2299452)","3520475518",,,,,,,,,,,,,,,,,,,,,,,,,,,,,,,Praga-Południe,Lidl
"POINT (21.0844706 52.2302219)","3520475519",,,,,,,,,,,,,,,,,,,,,,,,,,,,,,,Praga-Południe,Lidl
"POINT (21.0845587 52.2301458)","5284091673",,,,,,,,,,,,,,,,,,,,,,,,,,,,,,,Praga-Południe,Lidl
"POINT (21.0846108 52.2301069)","5284091674",,,,,,,,,,,,,,,,,,,,,,,,,,,,,,,Praga-Południe,Lidl
"POINT (21.0922192 52.2347824)","6540218794",,,,,,,,,,,,,,,,,,main,,,,,,,,,,,,,Praga-Południe,Lidl
"POINT (21.1125775 52.2335538)","6734310594",Lidl,,,,,"1",,Marii Rodziewiczówny,,Lidl,Q151954,en:Lidl,,,,,,,,ЛИДЛ,"Mo-Sa 07:00-22:00; Su 08:00-21:00",,,supermarket,,,,,,,Praga-Południe,Lidl
"POINT (21.0922938 52.2347742)","7108908719",,,,,,,,,,,,,,,,,,,,,,,,,,,,,,,Praga-Południe,Lidl
"POINT (21.0922122 52.2344943)","7108908720",,,,,,,,,,,,,,,,,,,,,,,,,,,,,,,Praga-Południe,Lidl
"POINT (21.0912745 52.234607)","7108908721",,,,,,,,,,,,,,,,,,,,,,,,,,,,,,,Praga-Południe,Lidl
"POINT (21.0913394 52.2348296)","7108908722",,,,,,,,,,,,,,,,,,,,,,,,,,,,,,,Praga-Południe,Lidl
"POINT (21.091357 52.234598)","7147504192",,,,,,,,,,,,,,,,,,,,,,,,,,,,,,,Praga-Południe,Lidl
"POINT (21.0913536 52.2345864)","7147504193",,,,,,,,,,,,,,,,,,,,,,,,,,,,,,,Praga-Południe,Lidl
"POINT (21.0915648 52.2345634)","7147504194",,,,,,,,,,,,,,,,,,,,,,,,,,,,,,,Praga-Południe,Lidl
"POINT (21.0915509 52.2345156)","7147504195",,,,,,,,,,,,,,,,,,,,,,,,,,,,,,,Praga-Południe,Lidl
"POINT (21.0916877 52.2345007)","7147504196",,,,,,,,,,,,,,,,,,,,,,,,,,,,,,,Praga-Południe,Lidl
"POINT (21.091702 52.23455)","7147504197",,,,,,,,,,,,,,,,,,,,,,,,,,,,,,,Praga-Południe,Lidl
"POINT (21.0917236 52.2348365)","7147504198",,,,,,,,,,,,,,,,,,,,,,,,,,,,,,,Praga-Południe,Lidl
"POINT (21.0917098 52.2347892)","7147504199",,,,,,,,,,,,,,,,,,,,,,,,,,,,,,,Praga-Południe,Lidl
"POINT (21.0954952 52.2248125)","8925741903",,,,,,,,,,,,,,,,,,,,,,,,,,,,,,,Praga-Południe,Lidl
"POINT (21.0955518 52.2248016)","8925741943",,,,,,,,,,,,,,,,,,,,,,,,,,,,,,,Praga-Południe,Lidl
"POINT (21.0958614 52.2247944)","8925741960",,,,,,,,,,,,,,,,,,,,,,,,,,,,,,,Praga-Południe,Lidl
"POINT (21.0953055 52.2248775)","8925741997",,,,,,,,,,,,,,,,,,,,,,,,,,,,,,,Praga-Południe,Lidl
"POINT (21.0954945 52.2248653)","8925742036",,,,,,,,,,,,,,,,,,,,,,,,,,,,,,,Praga-Południe,Lidl
"POINT (21.0960755 52.2249977)","8925742056",,,,,,,,,,,,,,,,,,,,,,,,,,,,,,,Praga-Południe,Lidl
"POINT (21.0954946 52.2248113)","8925742077",,,,,,,,,,,,,,,,,,,,,,,,,,,,,,,Praga-Południe,Lidl
"POINT (21.0959426 52.2250232)","8925742093",,,,,,,,,,,,,,,,,,,,,,,,,,,,,,,Praga-Południe,Lidl
"POINT (21.0953135 52.2249004)","8925742134",,,,,,,,,,,,,,,,,,,,,,,,,,,,,,,Praga-Południe,Lidl
"POINT (21.0958636 52.2247451)","8925742152",,,,,,,,,,,,,,,,,,,,,,,,,,,,,,,Praga-Południe,Lidl
"POINT (21.0958619 52.224742)","8925742173",,,,,,,,,,,,,,,,,,,,,,,,,,,,,,,Praga-Południe,Lidl
"POINT (21.0960639 52.2247554)","8925742189",,,,,,,,,,,,,,,,,,,,,,,,,,,,,,,Praga-Południe,Lidl
"POINT (21.0961017 52.2250489)","8925742228",,,,,,,,,,,,,,,,,,,,,,,,,,,,,,,Praga-Południe,Lidl
"POINT (21.0953782 52.2248631)","8925742230",,,,,,,,,,,,,,,,,,,,,,,,,,,,,,,Praga-Południe,Lidl
"POINT (21.09547 52.2248173)","8925742271",,,,,,,,,,,,,,,,,,,,,,,,,,,,,,,Praga-Południe,Lidl
"POINT (21.0955512 52.2248005)","8925742313",,,,,,,,,,,,,,,,,,,,,,,,,,,,,,,Praga-Południe,Lidl
"POINT (21.0954274 52.2251229)","8925742329",,,,,,,,,,,,,,,,,,,,,,,,,,,,,,,Praga-Południe,Lidl
"POINT (21.0953168 52.2248998)","8925742368",,,,,,,,,,,,,,,,,,,,,,,,,,,,,,,Praga-Południe,Lidl
"POINT (21.0958387 52.2247499)","8925742388",,,,,,,,,,,,,,,,,,,,,,,,,,,,,,,Praga-Południe,Lidl
"POINT (21.0953898 52.2248856)","8925742405",,,,,,,,,,,,,,,,,,,,,,,,,,,,,,,Praga-Południe,Lidl
"POINT (21.0961774 52.2249783)","8925742420",,,,,,,,,,,,,,,,,,,,,,,,,,,,,,,Praga-Południe,Lidl
"POINT (21.0959689 52.2250746)","8925742458",,,,,,,,,,,,,,,,,,,,,,,,,,,,,,,Praga-Południe,Lidl
"POINT (21.0840609 52.2297765)","9195937356",,,,,,,,,,,,,,,,,,,,,,,,,,,,,,,Praga-Południe,Lidl
"POINT (21.0840219 52.2298069)","9195937357",,,,,,,,,,,,,,,,,,,,,,,,,,,,,,,Praga-Południe,Lidl
"POINT (21.0844605 52.2302164)","9195937403",,,,,,,,,,,,,,,,,,,,,,,,,,,,,,,Praga-Południe,Lidl
"POINT (21.0844141 52.2302507)","9195937404",,,,,,,,,,,,,,,,,,,,,,,,,,,,,,,Praga-Południe,Lidl
"POINT (21.0844115 52.2302527)","9195937405",,,,,,,,,,,,,,,,,,,,,,,,,,,,,,,Praga-Południe,Lidl
"POINT (21.0844072 52.2302502)","9195937406",,,,,,,,,,,,,,,,,,,,,,,,,,,,,,,Praga-Południe,Lidl
"POINT (21.0844096 52.2302485)","9195937407",,,,,,,,,,,,,,,,,,,,,,,,,,,,,,,Praga-Południe,Lidl
"POINT (21.084382 52.2302343)","9195937408",,,,,,,,,,,,,,,,,,,,,,,,,,,,,,,Praga-Południe,Lidl
"POINT (21.0843788 52.2302365)","9195937409",,,,,,,,,,,,,,,,,,,,,,,,,,,,,,,Praga-Południe,Lidl
"POINT (21.0645184 52.2526077)","9811931428",,,,,,,,,,,,,,,,,,,,,,,,,,,,,,,Praga-Południe,Lidl
"POINT (21.0645592 52.2525536)","9811931429",,,,,,,,,,,,,,,,,,,,,,,,,,,,,,,Praga-Południe,Lidl
"POINT (21.0652439 52.2527473)","9811931430",,,,,,,,,,,,,,,,,,,,,,,,,,,,,,,Praga-Południe,Lidl
"POINT (21.0654655 52.2524537)","9811931431",,,,,,,,,,,,,,,,,,,,,,,,,,,,,,,Praga-Południe,Lidl
"POINT (21.0652398 52.2523899)","9811931432",,,,,,,,,,,,,,,,,,,,,,,,,,,,,,,Praga-Południe,Lidl
"POINT (21.0652236 52.2524112)","9811931433",,,,,,,,,,,,,,,,,,,,,,,,,,,,,,,Praga-Południe,Lidl
"POINT (21.0650951 52.2523749)","9811931434",,,,,,,,,,,,,,,,,,,,,,,,,,,,,,,Praga-Południe,Lidl
"POINT (21.0650868 52.2523859)","9811931435",,,,,,,,,,,,,,,,,,,,,,,,,,,,,,,Praga-Południe,Lidl
"POINT (21.064677 52.2522699)","9811931436",,,,,,,,,,,,,,,,,,,,,,,,,,,,,,,Praga-Południe,Lidl
"POINT (21.064439 52.2525853)","9811931437",,,,,,,,,,,,,,,,,,,,,,,,,,,,,,,Praga-Południe,Lidl
"POINT (21.0994642 52.2422773)","10779658954",,,,,,,,,,,,,,,,,,,,,,,,,,,,,,,Praga-Południe,Lidl
"POINT (21.0990607 52.2423656)","10779658955",,,,,,,,,,,,,,,,,,,,,,,,,,,,,,,Praga-Południe,Lidl
"POINT (21.099087 52.2424128)","10779658956",,,,,,,,,,,,,,,,,,,,,,,,,,,,,,,Praga-Południe,Lidl
"POINT (21.0987833 52.2424793)","10779658957",,,,,,,,,,,,,,,,,,,,,,,,,,,,,,,Praga-Południe,Lidl
"POINT (21.0987557 52.2424319)","10779658958",,,,,,,,,,,,,,,,,,,,,,,,,,,,,,,Praga-Południe,Lidl
"POINT (21.0985776 52.2424708)","10779658959",,,,,,,,,,,,,,,,,,,,,,,,,,,,,,,Praga-Południe,Lidl
"POINT (21.0994231 52.2420502)","10779658960",,,,,,,,,,,,,,,,,,,,,,,,,,,,,,,Praga-Południe,Lidl
"POINT (21.0953383 52.224871)","11345902902",,,,,,,,,,,,,,,,,,yes,,,,,,,,,,,,,Praga-Południe,Lidl
"POINT (21.0646038 52.2523669)","11937216212",,,,,,,,,,,,,,,,,,,,,,,,,,,,,,,Praga-Południe,Lidl
"POINT (21.0646386 52.2523208)","11937216219",,,,,,,,,,,,,,,,,,,,,,,,,,,,,,,Praga-Południe,Lidl
"POINT (21.0647881 52.2523014)","11937216220",,,,,,,,,,,,,,,,,,,,,,,,,,,,,,,Praga-Południe,Lidl
"POINT (21.0654264 52.2524426)","11937915306",,,,,,,,,,,,,,,,,,main,,,,,,,,,,,,,Praga-Południe,Lidl
"POINT (21.0037798 52.1812117)","4732419424",Lidl,,,,,"16",,Wołoska,,Lidl,Q151954,en:Lidl,2023-03-30,,,,,,,,"Mo-Sa 06:00-23:00; Su 08:00-21:00",Lidl,,supermarket,,,,no,,yes,Mokotów,Lidl
"POINT (21.0482004 52.204064)","8553195046",Lidl,,Warszawa,,,87A,00-718,Czerniakowska,,Lidl,Q151954,en:Lidl,2024-05-17,,,,,,,ЛИДЛ,"Mo-Sa 06:00-23:00; Su 08:00-21:00 ""tylko niedziele handlowe""",,,supermarket,,,,,https://lidl.pl,yes,Mokotów,Lidl
"POINT (21.0464129 52.1863605)","9664485070",Lidl,,,,,"18",,Aleja Generała Władysława Sikorskiego,,Lidl,Q151954,en:Lidl,2025-07-18,,,,,,,,"Mo-Sa 06:00-23:00; Su 08:00-21:00 ""tylko niedziele handlowe""",,,supermarket,,,,,,yes,Mokotów,Lidl
"POINT (20.9762619 52.234969)","2912430414",Lidl,,,,,19/25,,Wolska,,Lidl,Q151954,en:Lidl,2024-08-16,,,,,,,ЛИДЛ,"Mo-Sa 06:00-23:00; Su 08:00-21:00",,,supermarket,notes,,,,,yes,Wola,Lidl
"POINT (21.1080017 52.1640839)","6432795788",,,,,,,,,,,,,,,,,,,,,,,,,,,,,,,Wilanów,Lidl
"POINT (21.1082437 52.1643273)","6432795789",,,,,,,,,,,,,,,,,,,,,,,,,,,,,,,Wilanów,Lidl
"POINT (21.1073715 52.1646553)","6432795790",,,,,,,,,,,,,,,,,,,,,,,,,,,,,,,Wilanów,Lidl
"POINT (21.1072082 52.1644911)","6432795791",,,,,,,,,,,,,,,,,,,,,,,,,,,,,,,Wilanów,Lidl
"POINT (21.1071319 52.1645198)","6432795792",,,,,,,,,,,,,,,,,,,,,,,,,,,,,,,Wilanów,Lidl
"POINT (21.1070534 52.1644405)","6432795793",,,,,,,,,,,,,,,,,,,,,,,,,,,,,,,Wilanów,Lidl
"POINT (21.0673258 52.1671215)","6928722597",,,,,,,,,,,,,,,,,,,,,,,,,,,,,,,Wilanów,Lidl
"POINT (21.0676319 52.1668828)","6928722598",,,,,,,,,,,,,,,,,,,,,,,,,,,,,,,Wilanów,Lidl
"POINT (21.0685485 52.1671676)","6928722599",,,,,,,,,,,,,,,,,,,,,,,,,,,,,,,Wilanów,Lidl
"POINT (21.068417 52.1675358)","6928722600",,,,,,,,,,,,,,,,,,,,,,,,,,,,,,,Wilanów,Lidl
"POINT (21.0675807 52.1669335)","8271972348",,,,,,,,,,,,,,,,,,,,,,,,,,,,,,,Wilanów,Lidl
"POINT (21.0674422 52.1670706)","8271972358",,,,,,,,,,,,,,,,,,,,,,,,,,,,,,,Wilanów,Lidl
"POINT (21.0675651 52.1669489)","8271972361",,,,,,,,,,,,,,,,,,,,,,,,,,,,,,,Wilanów,Lidl
"POINT (21.0683388 52.1671085)","8271972367",,,,,,,,,,,,,,,,,,,,,,,,,,,,,,,Wilanów,Lidl
"POINT (21.0685385 52.1671957)","8271972368",,customers,,,,,,,parking_entrance,,,,,,,,,,,,,,surface,,,,,,,,Wilanów,Lidl
"POINT (21.0685586 52.1671684)","8271972373",,,,,,,,,,,,,,,,,,,,,,,,,,,,,,,Wilanów,Lidl
"POINT (21.0685626 52.1671578)","8271972374",,,,,,,,,,,,,,,,,,,,,,,,,,,,,,,Wilanów,Lidl
"POINT (21.0683626 52.1670844)","8271972375",,,,,,,,,,,,,,,,,,,,,,,,,,,,,,,Wilanów,Lidl
"POINT (21.0683071 52.1671408)","8271972376",,,,,,,,,,,,,,,,,,,,,,,,,,,,,,,Wilanów,Lidl
"POINT (21.0674218 52.1670913)","8271972377",,,,,,,,,,,,,,,,,,,,,,,,,,,,,,,Wilanów,Lidl
"POINT (21.0673736 52.1670709)","8271972378",,,,,,,,,,,,,,,,,,,,,,,,,,,,,,,Wilanów,Lidl
"POINT (21.1081978 52.1643445)","10726512092",,yes,,,,,,,,,,,,,,,sliding,main,,,,,,,,,,,,yes,Wilanów,Lidl
"POINT (21.0676079 52.1669066)","11160315157",,delivery,,,,,,,loading_dock,,,,,,,,overhead,,,,,,,,,,,,,,Wilanów,Lidl
"POINT (21.0674621 52.1670508)","11160315159",,,,,,,,,,,,,,,,,,,,,,,,,,,,,,,Wilanów,Lidl
"POINT (21.0675447 52.1669691)","11160315160",,,,,,,,,,,,,,,,,,,,,,,,,,,,,,,Wilanów,Lidl
"POINT (21.0673725 52.1671395)","11160315163",,,,,,,,,,,,,,,,,,,,,,,,,,,,,,,Wilanów,Lidl
"POINT (21.068152 52.1674374)","11160315164",,,,,,,,,,,,,,,,,,,,,,,,,,,,,,,Wilanów,Lidl
"POINT (21.2236994 52.221859)","2597115821",,,,,,,,,,,,,,,,,,,,,,,,,,,,,,,Wesoła,Lidl
"POINT (21.2235771 52.2218621)","2597115822",,,,,,,,,,,,,,,,,,,,,,,,,,,,,,,Wesoła,Lidl
"POINT (21.2235792 52.2219146)","2597115823",,,,,,,,,,,,,,,,,,,,,,,,,,,,,,,Wesoła,Lidl
"POINT (21.2233162 52.2219171)","2597115824",,,,,,,,,,,,,,,,,,,,,,,,,,,,,,,Wesoła,Lidl
"POINT (21.223242 52.2221451)","2597115825",,,,,,,,,,,,,,,,,,,,,,,,,,,,,,,Wesoła,Lidl
"POINT (21.2233279 52.2223817)","2597115826",,,,,,,,,,,,,,,,,,,,,,,,,,,,,,,Wesoła,Lidl
"POINT (21.2237131 52.2224955)","2597115827",,,,,,,,,,,,,,,,,,,,,,,,,,,,,,,Wesoła,Lidl
"POINT (21.2232681 52.2225009)","2597115828",,,,,,,,,,,,,,,,,,,,,,,,,,,,,,,Wesoła,Lidl
"POINT (21.2232473 52.2223843)","6173483207",,,,,,,,,,,,,,,,,,,,,,,,,,,,,,,Wesoła,Lidl
"POINT (21.223322 52.2221448)","6173483208",,,,,,,,,,,,,,,,,,,,,,,,,,,,,,,Wesoła,Lidl
"POINT (21.2232643 52.2224534)","7671969344",,,,,,,,,,,,,,,,,,,,,,,,,,,,,,,Wesoła,Lidl
"POINT (21.2233314 52.2224501)","7671969345",,,,,,,,,,,,,,,,,,,,,,,,,,,,,,,Wesoła,Lidl
"POINT (21.1370628 52.2230732)","5439593042",,,,,,,,,,,,,,,,,,,,,,,,,,,,,,,Wawer,Lidl
"POINT (21.1371427 52.2230463)","5439593043",,,,,,,,,,,,,,,,,,,,,,,,,,,,,,,Wawer,Lidl
"POINT (21.1372677 52.2231835)","5439593044",,,,,,,,,,,,,,,,,,,,,,,,,,,,,,,Wawer,Lidl
"POINT (21.1375937 52.2230708)","5439593045",,,,,,,,,,,,,,,,,,,,,,,,,,,,,,,Wawer,Lidl
"POINT (21.1376131 52.2231231)","5439593046",,,,,,,,,,,,,,,,,,,,,,,,,,,,,,,Wawer,Lidl
"POINT (21.1380932 52.2228956)","5439593047",,,,,,,,,,,,,,,,,,,,,,,,,,,,,,,Wawer,Lidl
"POINT (21.1379073 52.2226923)","5439593048",,,,,,,,,,,,,,,,,,,,,,,,,,,,,,,Wawer,Lidl
"POINT (21.1370048 52.2230072)","5439593049",,,,,,,,,,,,,,,,,,,,,,,,,,,,,,,Wawer,Lidl
"POINT (21.1728343 52.2069245)","6030577173",,,,,,,,,,,,,,,,,,yes,,,,,,,,,,,,,Wawer,Lidl
"POINT (21.1380704 52.222952)","7091915420",,,,,,,,,,,,,,,,,,,,,,,,,,,,,,,Wawer,Lidl
"POINT (21.1379638 52.2229891)","7091915421",,,,,,,,,,,,,,,,,,,,,,,,,,,,,,,Wawer,Lidl
"POINT (21.1379703 52.2229973)","7091915422",,,,,,,,,,,,,,,,,,,,,,,,,,,,,,,Wawer,Lidl
"POINT (21.1376323 52.2231105)","7091915423",,,,,,,,,,,,,,,,,,,,,,,,,,,,,,,Wawer,Lidl
"POINT (21.1376095 52.2231184)","7091915424",,,,,,,,,,,,,,,,,,,,,,,,,,,,,,,Wawer,Lidl
"POINT (21.2056459 52.165884)","8907274825",,,,,,,,,,,,,,,,,,,,,,,,,,,,,,,Wawer,Lidl
"POINT (21.2055863 52.1658619)","8907274843",,,,,,,,,,,,,,,,,,,,,,,,,,,,,,,Wawer,Lidl
"POINT (21.2049261 52.1662948)","8907274857",,,,,,,,,,,,,,,,,,,,,,,,,,,,,,,Wawer,Lidl
"POINT (21.2054146 52.1662113)","8907274876",,,,,,,,,,,,,,,,,,,,,,,,,,,,,,,Wawer,Lidl
"POINT (21.2056494 52.1658863)","8907274899",,,,,,,,,,,,,,,,,,,,,,,,,,,,,,,Wawer,Lidl
"POINT (21.2048799 52.1663409)","8907274934",,,,,,,,,,,,,,,,,,,,,,,,,,,,,,,Wawer,Lidl
"POINT (21.2053457 52.1661851)","8907274953",,,,,,,,,,,,,,,,,,,,,,,,,,,,,,,Wawer,Lidl
"POINT (21.2047773 52.1663012)","8907275011",,,,,,,,,,,,,,,,,,,,,,,,,,,,,,,Wawer,Lidl
"POINT (21.2055936 52.1658546)","8907275035",,,,,,,,,,,,,,,,,,,,,,,,,,,,,,,Wawer,Lidl
"POINT (21.2055495 52.1659848)","8907275094",,,,,,,,,,,,,,,,,,,,,,,,,,,,,,,Wawer,Lidl
"POINT (21.205652 52.1658773)","8907275117",,,,,,,,,,,,,,,,,,,,,,,,,,,,,,,Wawer,Lidl
"POINT (21.2053271 52.165761)","8907275137",,,,,,,,,,,,,,,,,,,,,,,,,,,,,,,Wawer,Lidl
"POINT (21.2051472 52.1663804)","8907275148",,,,,,,,,,,,,,,,,,,,,,,,,,,,,,,Wawer,Lidl
"POINT (21.2056181 52.1660112)","8907275172",,,,,,,,,,,,,,,,,,,,,,,,,,,,,,,Wawer,Lidl
"POINT (21.1725073 52.2069218)","8911709605",,,,,,,,,,,,,,,,,,,,,,,,,,,,,,,Wawer,Lidl
"POINT (21.1728591 52.2068912)","8911712218",,,,,,,,,,,,,,,,,,,,,,,,,,,,,,,Wawer,Lidl
"POINT (21.1725082 52.2069204)","8911712242",,,,,,,,,,,,,,,,,,,,,,,,,,,,,,,Wawer,Lidl
"POINT (21.1728293 52.2063704)","8911712261",,,,,,,,,,,,,,,,,,,,,,,,,,,,,,,Wawer,Lidl
"POINT (21.1730542 52.2067523)","8911712269",,,,,,,,,,,,,,,,,,,,,,,,,,,,,,,Wawer,Lidl
"POINT (21.1727727 52.2069967)","8911712294",,,,,,,,,,,,,,,,,,,,,,,,,,,,,,,Wawer,Lidl
"POINT (21.1726489 52.2064824)","8911712309",,,,,,,,,,,,,,,,,,,,,,,,,,,,,,,Wawer,Lidl
"POINT (21.1727807 52.2069957)","8911712324",,,,,,,,,,,,,,,,,,,,,,,,,,,,,,,Wawer,Lidl
"POINT (21.1725908 52.2065605)","8911712361",,,,,,,,,,,,,,,,,,,,,,,,,,,,,,,Wawer,Lidl
"POINT (21.1729345 52.2069131)","8911712369",,,,,,,,,,,,,,,,,,,,,,,,,,,,,,,Wawer,Lidl
"POINT (21.1728492 52.2069631)","8911712384",,,,,,,,,,,,,,,,,,,,,,,,,,,,,,,Wawer,Lidl
"POINT (21.1727738 52.2069953)","8911712399",,,,,,,,,,,,,,,,,,,,,,,,,,,,,,,Wawer,Lidl
"POINT (21.1724338 52.2069007)","8911712413",,,,,,,,,,,,,,,,,,,,,,,,,,,,,,,Wawer,Lidl
"POINT (21.1729786 52.2067311)","8911712429",,,,,,,,,,,,,,,,,,,,,,,,,,,,,,,Wawer,Lidl
"POINT (21.1727795 52.2069984)","8911712456",,,,,,,,,,,,,,,,,,,,,,,,,,,,,,,Wawer,Lidl
"POINT (21.1731766 52.2064682)","8911712473",,,,,,,,,,,,,,,,,,,,,,,,,,,,,,,Wawer,Lidl
"POINT (21.1728182 52.2070059)","8911712483",,,,,,,,,,,,,,,,,,,,,,,,,,,,,,,Wawer,Lidl
"POINT (21.1726713 52.2065819)","8911712523",,,,,,,,,,,,,,,,,,,,,,,,,,,,,,,Wawer,Lidl
"POINT (21.1727295 52.2065045)","8911712535",,,,,,,,,,,,,,,,,,,,,,,,,,,,,,,Wawer,Lidl
"POINT (21.1728132 52.2069527)","8911712548",,,,,,,,,,,,,,,,,,,,,,,,,,,,,,,Wawer,Lidl
"POINT (20.9578366 52.191748)","1232314343",,,,,,,,,,,,,,,,,,,,,,,,,,,,,,,Włochy,Lidl
"POINT (20.9581543 52.1915853)","1232314351",,,,,,,,,,,,,,,,,,,,,,,,,,,,,,,Włochy,Lidl
"POINT (20.9579648 52.1917073)","1232314434",,,,,,,,,,,,,,,,,,,,,,,,,,,,,,,Włochy,Lidl
"POINT (20.957928 52.1911878)","1232314658",,,,,,,,,,,,,,,,,,,,,,,,,,,,,,,Włochy,Lidl
"POINT (20.9579236 52.1916585)","1232314764",,,,,,,,,,,,,,,,,,,,,,,,,,,,,,,Włochy,Lidl
"POINT (20.9578017 52.1910382)","1232315064",,,,,,,,,,,,,,,,,,,,,,,,,,,,,,,Włochy,Lidl
"POINT (20.9573566 52.1911794)","1232315099",,,,,,,,,,,,,,,,,,,,,,,,,,,,,,,Włochy,Lidl
"POINT (20.9209835 52.2088044)","1282468919",Lidl,,Warszawa,,Lidl,,02-449,Plastyczna,,Lidl,Q151954,en:Lidl,,,,,,,,ЛИДЛ,Mo-Sa 06:00-23:00,,,supermarket,,,,no,https://www.lidl.pl/,yes,Włochy,Lidl
"POINT (20.9380658 52.1733687)","6964693865",,,,,,,,,,,,,,,,,,,,,,,,,,,,,,,Włochy,Lidl
"POINT (20.937985 52.173384)","6964693866",,,,,,,,,,,,,,,,,,,,,,,,,,,,,,,Włochy,Lidl
"POINT (20.9379345 52.1732841)","6964693867",,,,,,,,,,,,,,,,,,,,,,,,,,,,,,,Włochy,Lidl
"POINT (20.9389869 52.1730842)","6964693868",,,,,,,,,,,,,,,,,,,,,,,,,,,,,,,Włochy,Lidl
"POINT (20.9389967 52.1731036)","7926190540",,,,,,,,,,,,,,,,,,,,,,,,,,,,,,,Włochy,Lidl
"POINT (20.9391287 52.1733648)","9563644437",,,,,,,,,,,,,,,,,,,,,,,,,,,,,,,Włochy,Lidl
"POINT (20.9381571 52.1735494)","9563644438",,,,,,,,,,,,,,,,,,,,,,,,,,,,,,,Włochy,Lidl
"POINT (20.9578893 52.1911419)","12119001229",,,,,,,,,,,,,,,,,,main,,,,,,,,,,,,,Włochy,Lidl
"POINT (20.9579127 52.1911927)","12119001230",,,,,,,,,,,,,,,,,,,,,,,,,,,,,,,Włochy,Lidl
"POINT (20.9581888 52.1915308)","12119001231",,,,,,,,,,,,,,,,,,,,,,,,,,,,,,,Włochy,Lidl
"POINT (20.9581245 52.19155)","12119001232",,,,,,,,,,,,,,,,,,,,,,,,,,,,,,,Włochy,Lidl
"POINT (20.9580593 52.1913722)","12162331379",,,,,,,,,,,,,,,,,,yes,,,,,,,,,,,,,Włochy,Lidl
"POINT (21.0364807 52.1445906)","831200442",,,,,,,,,,,,,,,,,,,,,,,,,,,,,,,Ursynów,Lidl
"POINT (21.0367733 52.1439713)","831200462",,,,,,,,,,,,,,,,,,,,,,,,,,,,,,,Ursynów,Lidl
"POINT (21.0371608 52.1440401)","831200465",,,,,,,,,,,,,,,,,,,,,,,,,,,,,,,Ursynów,Lidl
"POINT (21.0369519 52.1446742)","831200495",,,,,,,,,,,,,,,,,,,,,,,,,,,,,,,Ursynów,Lidl
"POINT (21.036573 52.144264)","1116196497",,delivery,,,,,,,loading_dock,,,,,,,,loadingdock,,,,,,,,,,,,,,Ursynów,Lidl
"POINT (21.051858 52.1333643)","2285058872",,,,,,,,,,,,,,,,,,,,,,,,,,,,,,,Ursynów,Lidl
"POINT (21.0521049 52.1334943)","2285058875",,,,,,,,,,,,,,,,,,,,,,,,,,,,,,,Ursynów,Lidl
"POINT (21.0509445 52.1340182)","2285058880",,,,,,,,,,,,,,,,,,,,,,,,,,,,,,,Ursynów,Lidl
"POINT (21.0511999 52.1340698)","2285058885",,,,,,,,,,,,,,,,,,,,,,,,,,,,,,,Ursynów,Lidl
"POINT (21.036599 52.144157)","3414440518",,,,,,,,,,,,,,,,,,,,,,,,,,,,,,,Ursynów,Lidl
"POINT (21.0366791 52.1441712)","3414440519",,,,,,,,,,,,,,,,,,,,,,,,,,,,,,,Ursynów,Lidl
"POINT (21.0365505 52.14426)","3414440521",,,,,,,,,,,,,,,,,,,,,,,,,,,,,,,Ursynów,Lidl
"POINT (21.0366298 52.1442741)","3414440522",,,,,,,,,,,,,,,,,,,,,,,,,,,,,,,Ursynów,Lidl
"POINT (21.0370268 52.1443247)","3414440523",,,,,,,,,,,,,,,,,,,,,,,,,,,,,,,Ursynów,Lidl
"POINT (21.0371096 52.1443394)","3414440524",,,,,,,,,,,,,,,,,,,,,,,,,,,,,,,Ursynów,Lidl
"POINT (21.0519064 52.1336363)","3675580838",,,,,,,,,,,,,,,,,,,,,,,,,,,,,,,Ursynów,Lidl
"POINT (21.0518483 52.1336057)","3675580839",,,,,,,,,,,,,,,,,,,,,,,,,,,,,,,Ursynów,Lidl
"POINT (21.0510637 52.1340809)","3675680137",,,,,,,,,,,,,,,,,,,,,,,,,,,,,,,Ursynów,Lidl
"POINT (21.0511303 52.1340332)","3675680138",,,,,,,,,,,,,,,,,,,,,,,,,,,,,,,Ursynów,Lidl
"POINT (21.0365611 52.1442375)","4405094311",,,,,,,,,,,,,,,,,,,,,,,,,,,,,,,Ursynów,Lidl
"POINT (21.0750879 52.1348567)","4686436790",,,,,,,,,,,,,,,,,,,,,,,,,,,,,,,Ursynów,Lidl
"POINT (21.0751656 52.1348705)","5977488707",,,,,,,,,,,,,,,,,,,,,,,,,,,,,,,Ursynów,Lidl
"POINT (21.0752155 52.1345143)","5977488708",,,,,,,,,,,,,,,,,,,,,,,,,,,,,,,Ursynów,Lidl
"POINT (21.0756734 52.1345813)","5977488709",,,,,,,,,,,,,,,,,,,,,,,,,,,,,,,Ursynów,Lidl
"POINT (21.0754819 52.1350495)","5977488710",,,,,,,,,,,,,,,,,,,,,,,,,,,,,,,Ursynów,Lidl
"POINT (21.0751166 52.1349938)","5977488711",,,,,,,,,,,,,,,,,,,,,,,,,,,,,,,Ursynów,Lidl
"POINT (21.0396028 52.1687522)","8378260314",,delivery,,,,,,,loading_dock,,,,,,,,overhead,,,,,,,,,,,,,,Ursynów,Lidl
"POINT (21.0394962 52.1688236)","8378260315",,yes,,,,,,,,,,,,,,,sliding,main,,,,,,,,,,,,,Ursynów,Lidl
"POINT (21.0405642 52.168985)","8378260316",,,,,,,,,,,,,,,,,,,,,,,,,,,,,,,Ursynów,Lidl
"POINT (21.0395564 52.1687141)","8378316617",,,,,,,,,,,,,,,,,,,,,,,,,,,,,,,Ursynów,Lidl
"POINT (21.0394471 52.1687946)","8378316620",,,,,,,,,,,,,,,,,,,,,,,,,,,,,,,Ursynów,Lidl
"POINT (21.0402067 52.1692837)","8378316621",,,,,,,,,,,,,,,,,,,,,,,,,,,,,,,Ursynów,Lidl
"POINT (21.0404706 52.1691183)","8378316622",,,,,,,,,,,,,,,,,,,,,,,,,,,,,,,Ursynów,Lidl
"POINT (21.0173448 52.1092003)","8786289815",,,,,,,,,,,,,,,,,,,,,,,,,,,,,,,Ursynów,Lidl
"POINT (21.0174324 52.1092008)","8786289847",,,,,,,,,,,,,,,,,,,,,,,,,,,,,,,Ursynów,Lidl
"POINT (21.0178188 52.1088175)","8786289863",,,,,,,,,,,,,,,,,,,,,,,,,,,,,,,Ursynów,Lidl
"POINT (21.0174299 52.1093492)","8786289881",,,,,,,,,,,,,,,,,,,,,,,,,,,,,,,Ursynów,Lidl
"POINT (21.0178575 52.1088178)","8786289897",,,,,,,,,,,,,,,,,,,,,,,,,,,,,,,Ursynów,Lidl
"POINT (21.0178131 52.109122)","8786289899",,,,,,,,,,,,,,,,,,,,,,,,,,,,,,,Ursynów,Lidl
"POINT (21.0178086 52.1093517)","8786289914",,,,,,,,,,,,,,,,,,,,,,,,,,,,,,,Ursynów,Lidl
"POINT (21.0174401 52.1087662)","8786289929",,,,,,,,,,,,,,,,,,,,,,,,,,,,,,,Ursynów,Lidl
"POINT (21.0178583 52.1087718)","8786289930",,,,,,,,,,,,,,,,,,,,,,,,,,,,,,,Ursynów,Lidl
"POINT (21.0178946 52.1091226)","8786289932",,,,,,,,,,,,,,,,,,,,,,,,,,,,,,,Ursynów,Lidl
"POINT (21.0178179 52.108769)","8786289946",,,,,,,,,,,,,,,,,,,,,,,,,,,,,,,Ursynów,Lidl
"POINT (21.0174337 52.1091165)","8786289963",,,,,,,,,,,,,,,,,,,,,,,,,,,,,,,Ursynów,Lidl
"POINT (21.0178177 52.108771)","8786289964",,,,,,,,,,,,,,,,,,,,,,,,,,,,,,,Ursynów,Lidl
"POINT (21.0178987 52.1088859)","8786289967",,,,,,,,,,,,,,,,,,,,,,,,,,,,,,,Ursynów,Lidl
"POINT (21.0173461 52.109116)","8786290006",,,,,,,,,,,,,,,,,,,,,,,,,,,,,,,Ursynów,Lidl
"POINT (21.0178174 52.1088854)","8786290009",,,,,,,,,,,,,,,,,,,,,,,,,,,,,,,Ursynów,Lidl
"POINT (21.0395539 52.1687179)","8957528072",,,,,,,,,,,,,,,,,,,,,,,,,,,,,,,Ursynów,Lidl
"POINT (21.0402194 52.1692673)","8957528082",,,,,,,,,,,,,,,,,,,,,,,,,,,,,,,Ursynów,Lidl
"POINT (21.0401994 52.1692788)","8957528083",,,,,,,,,,,,,,,,,,,,,,,,,,,,,,,Ursynów,Lidl
"POINT (21.0510967 52.1340572)","9035783941",,delivery,,,,,,,loading_dock,,,,,,,,overhead,service,,,,,,,,,,,,,Ursynów,Lidl
"POINT (21.0395138 52.1687517)","9038570790",,,,,,,,,,,,,,,,,,,,,,,,,,,,,,,Ursynów,Lidl
"POINT (21.0520741 52.1335163)","12346893267",,customers,,,,,,,,,,,,,,,sliding,yes,,,,,,,,,,,,,Ursynów,Lidl
"POINT (21.0396261 52.1687372)","12977555213",,,,,,,,,,,,,,,,,,,,,,,,,,,,,,,Ursynów,Lidl
"POINT (21.0395714 52.1687725)","12977555214",,,,,,,,,,,,,,,,,,,,,,,,,,,,,,,Ursynów,Lidl
"POINT (21.039547 52.1687571)","12977555215",,,,,,,,,,,,,,,,,,,,,,,,,,,,,,,Ursynów,Lidl
"POINT (21.0215664 52.2367352)","11423473381",Lidl,,Warszawa,,,"40",00-355,Tamka,,Lidl,Q151954,,2024-06-14,,,,,,,,"Mo-Fr 06:00-24:00; Sa 06:00-23:30; Su 08:00-21:00 ""tylko niedziele handlowe""",,,supermarket,,,,,,yes,Śródmieście,Lidl
"POINT (21.0418572 52.2582747)","938504923",,,,,,,,,,,,,,,,,,,,,,,,,,,,,,,Praga-Północ,Lidl
"POINT (21.0420779 52.2580817)","938505137",,,,,,,,,,,,,,,,,,,,,,,,,,,,,,,Praga-Północ,Lidl
"POINT (21.0409391 52.2578796)","938505232",,,,,,,,,,,,,,,,,,,,,,,,,,,,,,,Praga-Północ,Lidl
"POINT (21.0411592 52.2576867)","938505337",,,,,,,,,,,,,,,,,,,,,,,,,,,,,,,Praga-Północ,Lidl
"POINT (21.0342353 52.2497079)","8292941694",Lidl,,Warszawa,,,"4",03-712,Józefa Sierakowskiego,,Lidl,Q151954,en:Lidl,,2023-06-05,,,,,,ЛИДЛ,Mo-Sa 06:00-23:00,,,supermarket,,,,,,,Praga-Północ,Lidl
"POINT (21.0416734 52.2581953)","9318006502",,,,,,,,,,,,,,,,,,,,,,,,,,,,,,,Praga-Północ,Lidl
"POINT (21.0414083 52.2580814)","9318006514",,,,,,,,,,,,,,,,,,,,,,,,,,,,,,,Praga-Północ,Lidl
"POINT (21.0409917 52.2579022)","10979242527",,,,,,,,,,,,,,,,,,main,,,,,,,,,,,,,Praga-Północ,Lidl
"POINT (20.8819242 52.1972837)","778478001",Lidl,,Warszawa,,,"6",02-495,Władysława Jagiełły,,Lidl,Q151954,en:Lidl,,2025-08-17,,,,,,ЛИДЛ,"Mo-Sa 06:00-23:00; PH off",Lidl,,supermarket,,,,,,yes,Ursus,Lidl
"POINT (20.8933323 52.1829042)","3732705422",,,,,,,,,,,,,,,,,,,,,,,,,,,,,,,Ursus,Lidl
"POINT (20.8936741 52.1829795)","3732722134",,,,,,,,,,,,,,,,,,,,,,,,,,,,,,,Ursus,Lidl
"POINT (20.8936009 52.1831066)","3732722150",,,,,,,,,,,,,,,,,,,,,,,,,,,,,,,Ursus,Lidl
"POINT (20.8936827 52.1831247)","3732722154",,,,,,,,,,,,,,,,,,,,,,,,,,,,,,,Ursus,Lidl
"POINT (20.893573 52.1831538)","3732722157",,,,,,,,,,,,,,,,,,,,,,,,,,,,,,,Ursus,Lidl
"POINT (20.8936553 52.1831719)","3732722159",,,,,,,,,,,,,,,,,,,,,,,,,,,,,,,Ursus,Lidl
"POINT (20.8930159 52.1834487)","3732722180",,,,,,,,,,,,,,,,,,,,,,,,,,,,,,,Ursus,Lidl
"POINT (20.8933576 52.1835234)","3732722185",,,,,,,,,,,,,,,,,,,,,,,,,,,,,,,Ursus,Lidl
"POINT (20.8932829 52.1835049)","9680893379",,,,,,,,,,,,,,,,,,,,,,,,,,,,,,,Ursus,Lidl
"POINT (20.8932821 52.1835067)","9683033523",,,,,,,,,,,,,,,,,,,,,,,,,,,,,,,Ursus,Lidl
"POINT (20.8930238 52.183448)","9683033524",,,,,,,,,,,,,,,,,,,,,,,,,,,,,,,Ursus,Lidl
"POINT (20.8930226 52.1834502)","9683033525",,,,,,,,,,,,,,,,,,,,,,,,,,,,,,,Ursus,Lidl
"POINT (20.893017 52.1834465)","9683033526",,,,,,,,,,,,,,,,,,,,,,,,,,,,,,,Ursus,Lidl
"POINT (20.8929806 52.183438)","9683033527",,,,,,,,,,,,,,,,,,,,,,,,,,,,,,,Ursus,Lidl
"POINT (20.8930064 52.183394)","9683033528",,,,,,,,,,,,,,,,,,,,,,,,,,,,,,,Ursus,Lidl
"POINT (20.8930435 52.1834022)","9683033529",,,,,,,,,,,,,,,,,,,,,,,,,,,,,,,Ursus,Lidl
"POINT (20.8930901 52.1833206)","9683033530",,,,,,,,,,,,,,,,,,,,,,,,,,,,,,,Ursus,Lidl
"POINT (20.8930273 52.1833065)","9683033531",,,,,,,,,,,,,,,,,,,,,,,,,,,,,,,Ursus,Lidl
"POINT (20.8930254 52.1833095)","9683033532",,,,,,,,,,,,,,,,,,,,,,,,,,,,,,,Ursus,Lidl
"POINT (20.8930214 52.1833086)","9683033533",,,,,,,,,,,,,,,,,,,,,,,,,,,,,,,Ursus,Lidl
"POINT (20.8930229 52.1833058)","9683033534",,,,,,,,,,,,,,,,,,,,,,,,,,,,,,,Ursus,Lidl
"POINT (20.8930139 52.1833037)","9683033535",,,,,,,,,,,,,,,,,,,,,,,,,,,,,,,Ursus,Lidl
"POINT (20.8931436 52.1830812)","9683033536",,,,,,,,,,,,,,,,,,,,,,,,,,,,,,,Ursus,Lidl
"POINT (20.8932202 52.1830981)","9683033537",,,,,,,,,,,,,,,,,,,,,,,,,,,,,,,Ursus,Lidl
"POINT (21.0330901 52.283277)","1367813260",,,,,,,,,,,,,,,,,,,,,,,,,,,,,,,Targówek,Lidl
"POINT (21.0322591 52.2830043)","1367813265",,,,,,,,,,,,,,,,,,,,,,,,,,,,,,,Targówek,Lidl
"POINT (21.0473236 52.2771736)","1847147352",,,,,,,,,,,,,,,,,,,,,,,,,,,,,,,Targówek,Lidl
"POINT (21.0473125 52.2772272)","1847147357",,,,,,,,,,,,,,,,,,,,,,,,,,,,,,,Targówek,Lidl
"POINT (21.0471913 52.2772177)","1847147383",,,,,,,,,,,,,,,,,,,,,,,,,,,,,,,Targówek,Lidl
"POINT (21.0793137 52.3055881)","1917978578",Lidl,,Warszawa,,,"45",,Malborska,,Lidl,Q151954,en:Lidl,,2025-06-12,supermarket,"otwarcie 27.05.2021, 6:00",,,,,"Mo-Sa 06:00-23:00; Su 08:00-21:00",,,supermarket,,,,,https://www.lidl.pl/,yes,Targówek,Lidl
"POINT (21.0323037 52.2830139)","3010477924",,,,,,,,,,,,,,,,,,main,,,,,,,,,,,,,Targówek,Lidl
"POINT (21.0326988 52.2831181)","3010478141",,,,,,,,,,,,,,,,,,,,,,,,,,,,,,,Targówek,Lidl
"POINT (21.0320818 52.2832551)","3010478181",,,,,,,,,,,,,,,,,,,,,,,,,,,,,,,Targówek,Lidl
"POINT (21.0323848 52.2833343)","3010478191",,,,,,,,,,,,,,,,,,,,,,,,,,,,,,,Targówek,Lidl
"POINT (21.0324647 52.2833548)","3010478193",,,,,,,,,,,,,,,,,,,,,,,,,,,,,,,Targówek,Lidl
"POINT (21.0323507 52.2833831)","3010478197",,,,,,,,,,,,,,,,,,,,,,,,,,,,,,,Targówek,Lidl
"POINT (21.0324301 52.283404)","3010478200",,,,,,,,,,,,,,,,,,,,,,,,,,,,,,,Targówek,Lidl
"POINT (21.0329523 52.2834827)","3010478213",,,,,,,,,,,,,,,,,,,,,,,,,,,,,,,Targówek,Lidl
"POINT (21.0611905 52.2684999)","5038366691",Lidl,,,,,,,,,Lidl,Q151954,en:Lidl,,,,,,,,ЛИДЛ,"Mo-Sa 06:00-23:00; Su 08:00-21:00",,,supermarket,,,,,,,Targówek,Lidl
"POINT (21.0327501 52.283187)","8473785966",,,,,,,,,,,,,,,,,,,,,,,,,,,,,,,Targówek,Lidl
"POINT (21.0326634 52.2831643)","8473785967",,,,,,,,,,,,,,,,,,,,,,,,,,,,,,,Targówek,Lidl
"POINT (21.0477055 52.2766181)","9359364319",,,,,,,,,,,,,,,,,,,,,,,,,,,,,,,Targówek,Lidl
"POINT (21.0476794 52.2767335)","9359364320",,,,,,,,,,,,,,,,,,,,,,,,,,,,,,,Targówek,Lidl
"POINT (21.0477605 52.2767398)","9359364321",,,,,,,,,,,,,,,,,,,,,,,,,,,,,,,Targówek,Lidl
"POINT (21.0477102 52.2769744)","9359364322",,,,,,,,,,,,,,,,,,,,,,,,,,,,,,,Targówek,Lidl
"POINT (21.0476291 52.2769678)","9359364323",,,,,,,,,,,,,,,,,,,,,,,,,,,,,,,Targówek,Lidl
"POINT (21.0475813 52.2771946)","9359364324",,,,,,,,,,,,,,,,,,,,,,,,,,,,,,,Targówek,Lidl
"POINT (21.0473286 52.2765861)","9359364325",,,,,,,,,,,,,,,,,,,,,,,,,,,,,,,Targówek,Lidl
"POINT (21.0818421 52.2937913)","11733917559",,,,,,,,,,,,,,,,,,,,,,,,,,,,,,,Targówek,Lidl
"POINT (21.0822157 52.2936774)","11733917560",,,,,,,,,,,,,,,,,,,,,,,,,,,,,,,Targówek,Lidl
"POINT (21.0817335 52.2930388)","11733917561",,,,,,,,,,,,,,,,,,,,,,,,,,,,,,,Targówek,Lidl
"POINT (21.081319 52.2931691)","11733917562",,,,,,,,,,,,,,,,,,,,,,,,,,,,,,,Targówek,Lidl
"POINT (21.082201 52.2936611)","12988438638",,,,,,,,,,,,,,,,,,,,,,,,,,,,,,,Targówek,Lidl
"POINT (21.0822356 52.2936503)","12988438639",,,,,,,,,,,,,,,,,,,,,,,,,,,,,,,Targówek,Lidl
"POINT (21.1579437 52.2583641)","8888987687",,,,,,,,,,,,,,,,,,,,,,,,,,,,,,,Rembertów,Lidl
"POINT (21.1577517 52.2586066)","8888987688",,,,,,,,,,,,,,,,,,,,,,,,,,,,,,,Rembertów,Lidl
"POINT (21.1576965 52.258324)","8888987695",,,,,,,,,,,,,,,,,,,,,,,,,,,,,,,Rembertów,Lidl
"POINT (21.1576985 52.2583438)","8888987700",,,,,,,,,,,,,,,,,,,,,,,,,,,,,,,Rembertów,Lidl
"POINT (21.1576913 52.258609)","8888987703",,,,,,,,,,,,,,,,,,,,,,,,,,,,,,,Rembertów,Lidl
"POINT (21.1579595 52.2585446)","8888987706",,,,,,,,,,,,,,,,,,,,,,,,,,,,,,,Rembertów,Lidl
"POINT (21.1570627 52.2583484)","8888998111",,,,,,,,,,,,,,,,,,,,,,,,,,,,,,,Rembertów,Lidl
"POINT (21.1570709 52.2584235)","8888998112",,,,,,,,,,,,,,,,,,,,,,,,,,,,,,,Rembertów,Lidl
"POINT (21.1578837 52.2585756)","8888998115",,,,,,,,,,,,,,,,,,,,,,,,,,,,,,,Rembertów,Lidl
"POINT (21.1577767 52.258606)","8888998118",,,,,,,,,,,,,,,,,,,,,,,,,,,,,,,Rembertów,Lidl
"POINT (21.1576673 52.2583451)","8888998132",,,,,,,,,,,,,,,,,,,,,,,,,,,,,,,Rembertów,Lidl
"POINT (21.1576921 52.258614)","8888998135",,,,,,,,,,,,,,,,,,,,,,,,,,,,,,,Rembertów,Lidl
"POINT (21.1579406 52.2583642)","8888998136",,,,,,,,,,,,,,,,,,,,,,,,,,,,,,,Rembertów,Lidl
"POINT (21.1579389 52.2583147)","8888998144",,,,,,,,,,,,,,,,,,,,,,,,,,,,,,,Rembertów,Lidl
"POINT (21.157387 52.2585704)","8888998148",,,,,,,,,,,,,,,,,,,,,,,,,,,,,,,Rembertów,Lidl
"POINT (21.157962 52.258548)","8888998149",,,,,,,,,,,,,,,,,,,,,,,,,,,,,,,Rembertów,Lidl
"POINT (21.1573919 52.2586203)","8888998150",,,,,,,,,,,,,,,,,,,,,,,,,,,,,,,Rembertów,Lidl
"POINT (21.1579617 52.2585445)","8888998153",,,,,,,,,,,,,,,,,,,,,,,,,,,,,,,Rembertów,Lidl
"POINT (21.1571594 52.2584194)","8888998166",,,,,,,,,,,,,,,,,,,,,,,,,,,,,,,Rembertów,Lidl
"POINT (21.1579604 52.2585728)","8888998168",,,,,,,,,,,,,,,,,,,,,,,,,,,,,,,Rembertów,Lidl
"POINT (21.1577718 52.2585559)","8888998171",,,,,,,,,,,,,,,,,,,,,,,,,,,,,,,Rembertów,Lidl
"POINT (21.1576655 52.2583252)","8888998185",,,,,,,,,,,,,,,,,,,,,,,,,,,,,,,Rembertów,Lidl
"POINT (21.1577521 52.2586116)","8888998187",,,,,,,,,,,,,,,,,,,,,,,,,,,,,,,Rembertów,Lidl
"POINT (21.1571739 52.2585793)","8888998220",,,,,,,,,,,,,,,,,,,,,,,,,,,,,,,Rembertów,Lidl
"POINT (21.1579578 52.2585481)","8888998222",,,,,,,,,,,,,,,,,,,,,,,,,,,,,,,Rembertów,Lidl
"POINT (21.1578812 52.2585512)","8888998224",,,,,,,,,,,,,,,,,,,,,,,,,,,,,,,Rembertów,Lidl
"POINT (20.931676 52.2698492)","1805980719",,,,,,,,,,,,,,,,,,,,,,,,,,,,,,,Bielany,Lidl
"POINT (20.9316584 52.2699001)","1805980722",,,,,,,,,,,,,,,,,,,,,,,,,,,,,,,Bielany,Lidl
"POINT (20.9317428 52.2699104)","1805980724",,,,,,,,,,,,,,,,,,,,,,,,,,,,,,,Bielany,Lidl
"POINT (20.932685 52.2699809)","1805980726",,,,,,,,,,,,,,,,,,,,,,,,,,,,,,,Bielany,Lidl
"POINT (20.9316848 52.2700793)","1805980727",,,,,,,,,,,,,,,,,,,,,,,,,,,,,,,Bielany,Lidl
"POINT (20.9320443 52.2701261)","1805980729",,,,,,,,,,,,,,,,,,,,,,,,,,,,,,,Bielany,Lidl
"POINT (20.9320274 52.2701751)","1805980730",,,,,,,,,,,,,,,,,,,,,,,,,,,,,,,Bielany,Lidl
"POINT (20.9324038 52.2702241)","1805980731",,,,,,,,,,,,,,,,,,,,,,,,,,,,,,,Bielany,Lidl
"POINT (20.9325943 52.2702226)","6518555889",,,,,,,,,,,,,,,,,,,,,,,,,,,,,,,Bielany,Lidl
"POINT (20.9324208 52.2701758)","6518555890",,,,,,,,,,,,,,,,,,,,,,,,,,,,,,,Bielany,Lidl
"POINT (20.9325209 52.270213)","6518555891",,,,,,,,,,,,,,,,,,,,,,,,,,,,,,,Bielany,Lidl
"POINT (20.932529 52.2701894)","6518555892",,,,,,,,,,,,,,,,,,,,,,,,,,,,,,,Bielany,Lidl
"POINT (20.9320583 52.2885832)","8777433607",Lidl,,Warszawa,"0918123",,"117",01-949,Jana Kasprowicza,,Lidl,Q151954,en:Lidl,,,,,,,,,Mo-Sa 06:00-23:00,,,supermarket,,mapa.um.warszawa.pl,,,https://lidl.pl,,Bielany,Lidl
"POINT (20.9326057 52.2701952)","10557785827",,,,,,,,,,,,,,,,,,,,,,,,,,,,,,,Bielany,Lidl
"POINT (20.9326025 52.2701989)","10557785846",,,,,,,,,,,,,,,,,,,,,,,,,,,,,,,Bielany,Lidl
"POINT (20.9326083 52.2701997)","10557785865",,,,,,,,,,,,,,,,,,,,,,,,,,,,,,,Bielany,Lidl
"POINT (20.9326636 52.2700299)","10557796309",,,,,,,,,,,,,,,,,,,,,,,,,,,,,,,Bielany,Lidl
"POINT (20.9326672 52.2700303)","10557796327",,,,,,,,,,,,,,,,,,,,,,,,,,,,,,,Bielany,Lidl
"POINT (20.9326096 52.2701957)","10557796380",,,,,,,,,,,,,,,,,,,,,,,,,,,,,,,Bielany,Lidl
"POINT (20.9615414 52.3179461)","1210996370",,,,,,,,,,,,,,,,,,,,,,,,,,,,,,,Białołęka,Lidl
"POINT (20.9606345 52.3179894)","1210996374",,,,,,,,,,,,,,,,,,,,,,,,,,,,,,,Białołęka,Lidl
"POINT (20.9616189 52.3182681)","1210996387",,,,,,,,,,,,,,,,,,,,,,,,,,,,,,,Białołęka,Lidl
"POINT (20.9615955 52.318169)","1210996392",,,,,,,,,,,,,,,,,,,,,,,,,,,,,,,Białołęka,Lidl
"POINT (20.960824 52.317757)","1210996396",,,,,,,,,,,,,,,,,,,,,,,,,,,,,,,Białołęka,Lidl
"POINT (20.9616862 52.3180256)","1210996418",,,,,,,,,,,,,,,,,,,,,,,,,,,,,,,Białołęka,Lidl
"POINT (20.9613564 52.3178913)","1210996421",,,,,,,,,,,,,,,,,,,,,,,,,,,,,,,Białołęka,Lidl
"POINT (20.9616745 52.3181843)","1210996422",,,,,,,,,,,,,,,,,,,,,,,,,,,,,,,Białołęka,Lidl
"POINT (21.0623868 52.3076563)","1896967380",,,,,,,,,,,,,,,,,,,,,,,,,,,,,,,Białołęka,Lidl
"POINT (21.0632345 52.3077478)","1896967399",,,,,,,,,,,,,,,,,,,,,,,,,,,,,,,Białołęka,Lidl
"POINT (21.0631011 52.3079687)","1896967402",,,,,,,,,,,,,,,,,,,,,,,,,,,,,,,Białołęka,Lidl
"POINT (21.063147 52.3078099)","2970654260",,,,,,,,,,,,,,,,,,,,,,,,,,,,,,,Białołęka,Lidl
"POINT (21.0632144 52.3078172)","2970654261",,,,,,,,,,,,,,,,,,,,,,,,,,,,,,,Białołęka,Lidl
"POINT (21.0625673 52.307911)","2970654264",,,,,,,,,,,,,,,,,,,,,,,,,,,,,,,Białołęka,Lidl
"POINT (21.0623127 52.3079129)","2970654265",,,,,,,,,,,,,,,,,,,,,,,,,,,,,,,Białołęka,Lidl
"POINT (21.0625517 52.3079649)","2970654266",,,,,,,,,,,,,,,,,,,,,,,,,,,,,,,Białołęka,Lidl
"POINT (20.9609257 52.3178191)","4325500423",,,,,,,,,,,,,,,,,,main,,,,,,,,,survey,,,,Białołęka,Lidl
"POINT (20.9607801 52.3178107)","4346063807",,,,,,,,,,,,,,,,,,emergency,"0",,,,,,,,geoportal.gov.pl:ortofoto,,,,Białołęka,Lidl
"POINT (21.0626454 52.3079195)","4438924119",,,,,,,,,,,,,,,,,,,,,,,,,,,,,,,Białołęka,Lidl
"POINT (21.0630578 52.3079641)","4438924120",,,,,,,,,,,,,,,,,,,,,,,,,,,,,,,Białołęka,Lidl
"POINT (21.0291359 52.3626169)","5698531224",,,,,,,,,,,,,,,,,,,,,,,,,,,,,,,Białołęka,Lidl
"POINT (21.0286425 52.3631666)","5698531225",,,,,,,,,,,,,,,,,,,,,,,,,,,,,,,Białołęka,Lidl
"POINT (21.0294483 52.3626637)","5698531226",,,,,,,,,,,,,,,,,,,,,,,,,,,,,,,Białołęka,Lidl
"POINT (21.0294084 52.3627081)","5698531227",,,,,,,,,,,,,,,,,,,,,,,,,,,,,,,Białołęka,Lidl
"POINT (21.028813 52.3629767)","5698531228",,,,,,,,,,,,,,,,,,,,,,,,,,,,,,,Białołęka,Lidl
"POINT (21.0290612 52.3633068)","7011125915",,,,,,,,,,,,,,,,,,,,,,,,,,,,,,,Białołęka,Lidl
"POINT (21.0295945 52.3627126)","7011125916",,,,,,,,,,,,,,,,,,,,,,,,,,,,,,,Białołęka,Lidl
"POINT (20.9609731 52.3178336)","7061526628",,,,,,,,,,,,,,,,,,,,,,,,,,,,,,,Białołęka,Lidl
"POINT (20.9610117 52.3177862)","7061526629",,,,,,,,,,,,,,,,,,,,,,,,,,,,,,,Białołęka,Lidl
"POINT (20.960871 52.3178024)","7061526630",,,,,,,,,,,,,,,,,,,,,,,,,,,,,,,Białołęka,Lidl
"POINT (20.9608914 52.3177775)","7061526631",,,,,,,,,,,,,,,,,,,,,,,,,,,,,,,Białołęka,Lidl
"POINT (21.0623213 52.3078831)","7480159957",,,,,,,,,,,,,,,,,,,,,,,,,,,,,,,Białołęka,Lidl
"POINT (21.0632209 52.3077947)","7480159959",,,,,,,,,,,,,,,,,,,,,,,,,,,,,,,Białołęka,Lidl
"POINT (21.0624971 52.307959)","7906528600",,,,,,,,,,,,,,,,,,,,,,,,,,,,,,,Białołęka,Lidl
"POINT (21.0625124 52.307906)","7906528601",,,,,,,,,,,,,,,,,,,,,,,,,,,,,,,Białołęka,Lidl
"POINT (21.0624035 52.3078942)","7906528602",,,,,,,,,,,,,,,,,,,,,,,,,,,,,,,Białołęka,Lidl
"POINT (21.0623955 52.3079219)","7906528603",,,,,,,,,,,,,,,,,,,,,,,,,,,,,,,Białołęka,Lidl
"POINT (21.0626074 52.3079154)","7906528604",,,,,,,,,,,,,,,,,,,,,,,,,,,,,,,Białołęka,Lidl
"POINT (20.9860901 52.3039076)","8761463877",,,,,,,,,,,,,,,,,,,,,,,,,,,,,,,Białołęka,Lidl
"POINT (20.9870628 52.304086)","8761467962",,,,,,,,,,,,,,,,,,,,,,,,,,,,,,,Białołęka,Lidl
"POINT (20.9861739 52.3039491)","8761468024",,,,,,,,,,,,,,,,,,,,,,,,,,,,,,,Białołęka,Lidl
"POINT (20.9869711 52.3039773)","8761468105",,,,,,,,,,,,,,,,,,,,,,,,,,,,,,,Białołęka,Lidl
"POINT (20.9864627 52.3037283)","8761468244",,,,,,,,,,,,,,,,,,,,,,,,,,,,,,,Białołęka,Lidl
"POINT (20.9870853 52.3040689)","8761468484",,,,,,,,,,,,,,,,,,,,,,,,,,,,,,,Białołęka,Lidl
"POINT (20.986119 52.3039908)","8761468540",,,,,,,,,,,,,,,,,,,,,,,,,,,,,,,Białołęka,Lidl
"POINT (20.9870284 52.3040412)","8761468622",,,,,,,,,,,,,,,,,,,,,,,,,,,,,,,Białołęka,Lidl
"POINT (20.9862271 52.3040441)","8761468676",,,,,,,,,,,,,,,,,,,,,,,,,,,,,,,Białołęka,Lidl
"POINT (20.9864145 52.3037671)","8761468755",,,,,,,,,,,,,,,,,,,,,,,,,,,,,,,Białołęka,Lidl
"POINT (20.9868323 52.304271)","8761469174",,,,,,,,,,,,,,,,,,,,,,,,,,,,,,,Białołęka,Lidl
"POINT (20.9863275 52.3037256)","8761469229",,,,,,,,,,,,,,,,,,,,,,,,,,,,,,,Białołęka,Lidl
"POINT (20.9870059 52.3040582)","8761469318",,,,,,,,,,,,,,,,,,,,,,,,,,,,,,,Białołęka,Lidl
"POINT (20.9862824 52.3040021)","8761469375",,,,,,,,,,,,,,,,,,,,,,,,,,,,,,,Białołęka,Lidl
"POINT (20.9869204 52.3040163)","8761469457",,,,,,,,,,,,,,,,,,,,,,,,,,,,,,,Białołęka,Lidl
"POINT (20.9870691 52.3040891)","8761469693",,,,,,,,,,,,,,,,,,,,,,,,,,,,,,,Białołęka,Lidl
"POINT (20.9502943 52.3464839)","9043905670",,,,,,,,,,,,,,,,,,,,,,,,,,,,,,,Białołęka,Lidl
"POINT (20.9499403 52.3467687)","9043905671",,,,,,,,,,,,,,,,,,,,,,,,,,,,,,,Białołęka,Lidl
"POINT (20.9501071 52.3468505)","9043905672",,,,,,,,,,,,,,,,,,,,,,,,,,,,,,,Białołęka,Lidl
"POINT (20.9501593 52.3468)","9043905673",,,,,,,,,,,,,,,,,,,,,,,,,,,,,,,Białołęka,Lidl
"POINT (20.9506927 52.347045)","9043905674",,,,,,,,,,,,,,,,,,,,,,,,,,,,,,,Białołęka,Lidl
"POINT (20.9506793 52.3470614)","9043905675",,,,,,,,,,,,,,,,,,,,,,,,,,,,,,,Białołęka,Lidl
"POINT (20.9507356 52.3470892)","9043905676",,,,,,,,,,,,,,,,,,,,,,,,,,,,,,,Białołęka,Lidl
"POINT (20.950757 52.3470745)","9043905677",,,,,,,,,,,,,,,,,,,,,,,,,,,,,,,Białołęka,Lidl
"POINT (20.9508214 52.3471105)","9043905678",,,,,,,,,,,,,,,,,,,,,,,,,,,,,,,Białołęka,Lidl
"POINT (20.9511245 52.3468926)","9043905679",,,,,,,,,,,,,,,,,,,,,,,,,,,,,,,Białołęka,Lidl
"POINT (20.9391591 52.3234528)","9044959336",,,,,,,,,,,,,,,,,,,,,,,,,,,,,,,Białołęka,Lidl
"POINT (20.9393415 52.3235807)","9044959337",,,,,,,,,,,,,,,,,,,,,,,,,,,,,,,Białołęka,Lidl
"POINT (20.9392798 52.3236085)","9044959338",,,,,,,,,,,,,,,,,,,,,,,,,,,,,,,Białołęka,Lidl
"POINT (20.9396016 52.3238315)","9044959339",,,,,,,,,,,,,,,,,,,,,,,,,,,,,,,Białołęka,Lidl
"POINT (20.9396392 52.3238134)","9044959340",,,,,,,,,,,,,,,,,,,,,,,,,,,,,,,Białołęka,Lidl
"POINT (20.9398162 52.3239331)","9044959341",,,,,,,,,,,,,,,,,,,,,,,,,,,,,,,Białołęka,Lidl
"POINT (20.9401193 52.3237708)","9044959342",,,,,,,,,,,,,,,,,,,,,,,,,,,,,,,Białołęka,Lidl
"POINT (20.9393978 52.3232577)","9044959343",,,,,,,,,,,,,,,,,,,,,,,,,,,,,,,Białołęka,Lidl
"POINT (20.9392664 52.3233216)","9044959344",,,,,,,,,,,,,,,,,,,,,,,,,,,,,,,Białołęka,Lidl
"POINT (20.939328 52.3233626)","9044959345",,,,,,,,,,,,,,,,,,,,,,,,,,,,,,,Białołęka,Lidl
"POINT (20.9500006 52.3467305)","9755448790",,,,,,,,,,,,,,,,,sliding,main,,,,,,,,,,,,,Białołęka,Lidl
"POINT (21.0374211 52.3173287)","10218776570",Lidl,,,,,,,,,Lidl,Q151954,,,,,,,,,,Mo-Sa 06:00-23:00,,,supermarket,,,,,,,Białołęka,Lidl
"POINT (20.9397744 52.3239048)","10967380036",,yes,,,,,,,,,,,,,,,,shop,,,,,,,survey,,,,,yes,Białołęka,Lidl
"POINT (20.9615141 52.317988)","11605619756",,,,,,,,,,,,,,,,,,,,,,,,,,,,,,,Białołęka,Lidl
"POINT (20.9382609 52.3360591)","11850884877",,,,,,,,,,,,,,,,,,,,,,,,,,,,,,,Białołęka,Lidl
"POINT (20.9377014 52.3361458)","11850884878",,,,,,,,,,,,,,,,,,,,,,,,,,,,,,,Białołęka,Lidl
"POINT (20.9378788 52.3365705)","11850884879",,,,,,,,,,,,,,,,,,,,,,,,,,,,,,,Białołęka,Lidl
"POINT (20.9381801 52.3365217)","11850884880",,,,,,,,,,,,,,,,,,,,,,,,,,,,,,,Białołęka,Lidl
"POINT (20.9382965 52.3365672)","11850884881",,,,,,,,,,,,,,,,,,,,,,,,,,,,,,,Białołęka,Lidl
"POINT (20.9384801 52.3365385)","11850884882",,,,,,,,,,,,,,,,,,,,,,,,,,,,,,,Białołęka,Lidl
"POINT (20.9377189 52.3361975)","11934658067",,,,,,,,,,,,,,,,,,yes,,,,,,,,,,,,,Białołęka,Lidl
"POINT (20.938279 52.3361003)","11934658068",,,,,,,,,,,,,,,,,,yes,,,,,,,,,,,,,Białołęka,Lidl
"POINT (20.9379751 52.3365556)","11934702169",,,,,,,,,,,,,,,,,,emergency,,,,,,,,,,,,,Białołęka,Lidl
"POINT (20.9384343 52.3364421)","11934702170",,,,,,,,,,,,,,,,,,emergency,,,,,,,,,,,,,Białołęka,Lidl
"POINT (20.9377444 52.3362701)","11948238423",,,,,,,,,,,,,,,,,,,,,,,,,,,,,,,Białołęka,Lidl
"POINT (20.9377545 52.3362965)","11948238424",,,,,,,,,,,,,,,,,,,,,,,,,,,,,,,Białołęka,Lidl
"POINT (20.9382837 52.3361106)","12103322776",,,,,,,,,,,,,,,,,,,,,,,,,,,,,,,Białołęka,Lidl
"POINT (20.9384399 52.336477)","12103322779",,,,,,,,,,,,,,,,,,,,,,,,,,,,,,,Białołęka,Lidl
"POINT (20.992434 52.3274645)","12587505780",,,,,,,,,,,,,,,,,,,,,,,,,,,,,,,Białołęka,Lidl
"POINT (20.9920324 52.3278848)","12587505781",,,,,,,,,,,,,,,,,,,,,,,,,,,,,,,Białołęka,Lidl
"POINT (20.9916154 52.3277853)","12587505782",,,,,,,,,,,,,,,,,,,,,,,,,,,,,,,Białołęka,Lidl
"POINT (20.9920833 52.3272051)","12587505783",,,,,,,,,,,,,,,,,,,,,,,,,,,,,,,Białołęka,Lidl
"POINT (20.9924685 52.3273145)","12587505784",,,,,,,,,,,,,,,,,,,,,,,,,,,,,,,Białołęka,Lidl
"POINT (20.992362 52.3274447)","12587505785",,,,,,,,,,,,,,,,,,,,,,,,,,,,,,,Białołęka,Lidl
"POINT (20.9916237 52.3277878)","12908249224",,,,,,,,,,,,,,,,,,,,,,,,,,,,,,,Białołęka,Lidl
"POINT (20.9916248 52.3277866)","12908249225",,,,,,,,,,,,,,,,,,,,,,,,,,,,,,,Białołęka,Lidl
"POINT (20.9917037 52.3278105)","12908249226",,,,,,,,,,,,,,,,,,,,,,,,,,,,,,,Białołęka,Lidl
"POINT (20.99172 52.3277907)","12908249227",,,,,,,,,,,,,,,,,,,,,,,,,,,,,,,Białołęka,Lidl
"POINT (20.9921078 52.3278688)","12908249228",,,,,,,,,,,,,,,,,,,,,,,,,,,,,,,Białołęka,Lidl
"POINT (20.9921372 52.3278326)","12908249229",,,,,,,,,,,,,,,,,,,,,,,,,,,,,,,Białołęka,Lidl
"POINT (20.9921392 52.3278332)","12908249230",,,,,,,,,,,,,,,,,,,,,,,,,,,,,,,Białołęka,Lidl
"POINT (20.9921427 52.3278285)","12908249231",,,,,,,,,,,,,,,,,,,,,,,,,,,,,,,Białołęka,Lidl
"POINT (20.9921407 52.327828)","12908249232",,,,,,,,,,,,,,,,,,,,,,,,,,,,,,,Białołęka,Lidl
"POINT (20.992159 52.3278051)","12908249233",,,,,,,,,,,,,,,,,,,,,,,,,,,,,,,Białołęka,Lidl
"POINT (20.9921609 52.3278056)","12908249234",,,,,,,,,,,,,,,,,,,,,,,,,,,,,,,Białołęka,Lidl
"POINT (20.9921646 52.3278008)","12908249235",,,,,,,,,,,,,,,,,,,,,,,,,,,,,,,Białołęka,Lidl
"POINT (20.9921627 52.3278003)","12908249236",,,,,,,,,,,,,,,,,,,,,,,,,,,,,,,Białołęka,Lidl
"POINT (20.9921989 52.3277551)","12908249237",,,,,,,,,,,,,,,,,,,,,,,,,,,,,,,Białołęka,Lidl
"POINT (20.9922008 52.3277557)","12908249238",,,,,,,,,,,,,,,,,,,,,,,,,,,,,,,Białołęka,Lidl
"POINT (20.9922045 52.3277511)","12908249239",,,,,,,,,,,,,,,,,,,,,,,,,,,,,,,Białołęka,Lidl
"POINT (20.9922026 52.3277506)","12908249240",,,,,,,,,,,,,,,,,,,,,,,,,,,,,,,Białołęka,Lidl
"POINT (20.9922606 52.3276783)","12908249241",,,,,,,,,,,,,,,,,,,,,,,,,,,,,,,Białołęka,Lidl
"POINT (20.9922624 52.327679)","12908249242",,,,,,,,,,,,,,,,,,,,,,,,,,,,,,,Białołęka,Lidl
"POINT (20.9922655 52.3276748)","12908249243",,,,,,,,,,,,,,,,,,,,,,,,,,,,,,,Białołęka,Lidl
"POINT (20.9922636 52.3276743)","12908249244",,,,,,,,,,,,,,,,,,,,,,,,,,,,,,,Białołęka,Lidl
"POINT (20.9922855 52.3276471)","12908249245",,,,,,,,,,,,,,,,,,,,,,,,,,,,,,,Białołęka,Lidl
"POINT (20.9922874 52.3276476)","12908249246",,,,,,,,,,,,,,,,,,,,,,,,,,,,,,,Białołęka,Lidl
"POINT (20.9922911 52.3276432)","12908249247",,,,,,,,,,,,,,,,,,,,,,,,,,,,,,,Białołęka,Lidl
"POINT (20.9922889 52.3276427)","12908249248",,,,,,,,,,,,,,,,,,,,,,,,,,,,,,,Białołęka,Lidl
"POINT (20.9923233 52.3276)","12908249249",,,,,,,,,,,,,,,,,,,,,,,,,,,,,,,Białołęka,Lidl
"POINT (20.9923254 52.3276006)","12908249250",,,,,,,,,,,,,,,,,,,,,,,,,,,,,,,Białołęka,Lidl
"POINT (20.9923285 52.3275964)","12908249251",,,,,,,,,,,,,,,,,,,,,,,,,,,,,,,Białołęka,Lidl
"POINT (20.9923264 52.3275958)","12908249252",,,,,,,,,,,,,,,,,,,,,,,,,,,,,,,Białołęka,Lidl
"POINT (20.9923615 52.3275525)","12908249253",,,,,,,,,,,,,,,,,,,,,,,,,,,,,,,Białołęka,Lidl
"POINT (20.9923633 52.3275531)","12908249254",,,,,,,,,,,,,,,,,,,,,,,,,,,,,,,Białołęka,Lidl
"POINT (20.9923665 52.3275488)","12908249255",,,,,,,,,,,,,,,,,,,,,,,,,,,,,,,Białołęka,Lidl
"POINT (20.9923646 52.3275482)","12908249256",,,,,,,,,,,,,,,,,,,,,,,,,,,,,,,Białołęka,Lidl
"POINT (20.9923989 52.3275056)","12908249257",,,,,,,,,,,,,,,,,,,,,,,,,,,,,,,Białołęka,Lidl
"POINT (20.9924008 52.3275062)","12908249258",,,,,,,,,,,,,,,,,,,,,,,,,,,,,,,Białołęka,Lidl
"POINT (20.9924042 52.3275018)","12908249259",,,,,,,,,,,,,,,,,,,,,,,,,,,,,,,Białołęka,Lidl
"POINT (20.9924023 52.3275012)","12908249260",,,,,,,,,,,,,,,,,,,,,,,,,,,,,,,Białołęka,Lidl
"POINT (20.9924285 52.3274683)","12908249261",,,,,,,,,,,,,,,,,,,,,,,,,,,,,,,Białołęka,Lidl
"POINT (20.9924306 52.3274689)","12908249262",,,,,,,,,,,,,,,,,,,,,,,,,,,,,,,Białołęka,Lidl
"POINT (20.9924264 52.3274623)","12908249263",,,,,,,,,,,,,,,,,,,,,,,,,,,,,,,Białołęka,Lidl
"POINT (20.9924255 52.3274634)","12908249264",,,,,,,,,,,,,,,,,,,,,,,,,,,,,,,Białołęka,Lidl
"POINT (20.9923932 52.3274064)","12908249265",,,,,,,,,,,,,,,,,,,,,,,,,,,,,,,Białołęka,Lidl
"POINT (20.9923951 52.327407)","12908249266",,,,,,,,,,,,,,,,,,,,,,,,,,,,,,,Białołęka,Lidl
"POINT (20.9923986 52.3274024)","12908249267",,,,,,,,,,,,,,,,,,,,,,,,,,,,,,,Białołęka,Lidl
"POINT (20.9923966 52.3274018)","12908249268",,,,,,,,,,,,,,,,,,,,,,,,,,,,,,,Białołęka,Lidl
"POINT (20.9924293 52.3273612)","12908249269",,,,,,,,,,,,,,,,,,,,,,,,,,,,,,,Białołęka,Lidl
"POINT (20.9924312 52.3273618)","12908249270",,,,,,,,,,,,,,,,,,,,,,,,,,,,,,,Białołęka,Lidl
"POINT (20.9924357 52.3273562)","12908249271",,,,,,,,,,,,,,,,,,,,,,,,,,,,,,,Białołęka,Lidl
"POINT (20.9924337 52.3273555)","12908249272",,,,,,,,,,,,,,,,,,,,,,,,,,,,,,,Białołęka,Lidl
"POINT (20.9924625 52.3273191)","12908249273",,,,,,,,,,,,,,,,,,,,,,,,,,,,,,,Białołęka,Lidl
"POINT (20.9924645 52.3273197)","12908249274",,,,,,,,,,,,,,,,,,,,,,,,,,,,,,,Białołęka,Lidl
"POINT (20.9924611 52.3273124)","12908249275",,,,,,,,,,,,,,,,,,,,,,,,,,,,,,,Białołęka,Lidl
"POINT (20.9924601 52.3273136)","12908249276",,,,,,,,,,,,,,,,,,,,,,,,,,,,,,,Białołęka,Lidl
"POINT (20.9923944 52.327294)","12908249277",,,,,,,,,,,,,,,,,,,,,,,,,,,,,,,Białołęka,Lidl
"POINT (20.9923953 52.3272929)","12908249278",,,,,,,,,,,,,,,,,,,,,,,,,,,,,,,Białołęka,Lidl
"POINT (20.9923879 52.3272906)","12908249279",,,,,,,,,,,,,,,,,,,,,,,,,,,,,,,Białołęka,Lidl
"POINT (20.9923869 52.3272918)","12908249280",,,,,,,,,,,,,,,,,,,,,,,,,,,,,,,Białołęka,Lidl
"POINT (20.992292 52.3272633)","12908249281",,,,,,,,,,,,,,,,,,,,,,,,,,,,,,,Białołęka,Lidl
"POINT (20.992293 52.327262)","12908249282",,,,,,,,,,,,,,,,,,,,,,,,,,,,,,,Białołęka,Lidl
"POINT (20.9922854 52.3272598)","12908249283",,,,,,,,,,,,,,,,,,,,,,,,,,,,,,,Białołęka,Lidl
"POINT (20.9922844 52.327261)","12908249284",,,,,,,,,,,,,,,,,,,,,,,,,,,,,,,Białołęka,Lidl
"POINT (20.9922316 52.327245)","12908249285",,,,,,,,,,,,,,,,,,,,,,,,,,,,,,,Białołęka,Lidl
"POINT (20.9922675 52.3271999)","12908249286",,,,,,,,,,,,,,,,,,,,,,,,,,,,,,,Białołęka,Lidl
"POINT (20.9922694 52.3272006)","12908249287",,,,,,,,,,,,,,,,,,,,,,,,,,,,,,,Białołęka,Lidl
"POINT (20.9922733 52.3271961)","12908249288",,,,,,,,,,,,,,,,,,,,,,,,,,,,,,,Białołęka,Lidl
"POINT (20.9922664 52.3271939)","12908249289",,,,,,,,,,,,,,,,,,,,,,,,,,,,,,,Białołęka,Lidl
"POINT (20.9922652 52.3271952)","12908249290",,,,,,,,,,,,,,,,,,,,,,,,,,,,,,,Białołęka,Lidl
"POINT (20.9922037 52.3271767)","12908249291",,,,,,,,,,,,,,,,,,,,,,,,,,,,,,,Białołęka,Lidl
"POINT (20.9922048 52.3271755)","12908249292",,,,,,,,,,,,,,,,,,,,,,,,,,,,,,,Białołęka,Lidl
"POINT (20.992198 52.3271733)","12908249293",,,,,,,,,,,,,,,,,,,,,,,,,,,,,,,Białołęka,Lidl
"POINT (20.992197 52.3271746)","12908249294",,,,,,,,,,,,,,,,,,,,,,,,,,,,,,,Białołęka,Lidl
"POINT (20.9921299 52.3271545)","12908249295",,,,,,,,,,,,,,,,,,,,,,,,,,,,,,,Białołęka,Lidl
"POINT (20.9921311 52.3271533)","12908249296",,,,,,,,,,,,,,,,,,,,,,,,,,,,,,,Białołęka,Lidl
"POINT (20.9921235 52.3271511)","12908249297",,,,,,,,,,,,,,,,,,,,,,,,,,,,,,,Białołęka,Lidl
"POINT (20.9921201 52.3271556)","12908249298",,,,,,,,,,,,,,,,,,,,,,,,,,,,,,,Białołęka,Lidl
"POINT (20.9921223 52.3271563)","12908249299",,,,,,,,,,,,,,,,,,,,,,,,,,,,,,,Białołęka,Lidl
"POINT (20.9920868 52.3272007)","12908249300",,,,,,,,,,,,,,,,,,,,,,,,,,,,,,,Białołęka,Lidl
"POINT (20.9920848 52.3272001)","12908249301",,,,,,,,,,,,,,,,,,,,,,,,,,,,,,,Białołęka,Lidl
"POINT (20.9920811 52.3272044)","12908249302",,,,,,,,,,,,,,,,,,,,,,,,,,,,,,,Białołęka,Lidl
"POINT (20.9920541 52.3272414)","12908249303",,,,,,,,,,,,,,,,,,,,,,,,,,,,,,,Białołęka,Lidl
"POINT (20.9920522 52.3272409)","12908249304",,,,,,,,,,,,,,,,,,,,,,,,,,,,,,,Białołęka,Lidl
"POINT (20.9920487 52.3272453)","12908249305",,,,,,,,,,,,,,,,,,,,,,,,,,,,,,,Białołęka,Lidl
"POINT (20.9920504 52.3272459)","12908249306",,,,,,,,,,,,,,,,,,,,,,,,,,,,,,,Białołęka,Lidl
"POINT (20.9920173 52.3272878)","12908249307",,,,,,,,,,,,,,,,,,,,,,,,,,,,,,,Białołęka,Lidl
"POINT (20.9920152 52.3272872)","12908249308",,,,,,,,,,,,,,,,,,,,,,,,,,,,,,,Białołęka,Lidl
"POINT (20.9920118 52.3272914)","12908249309",,,,,,,,,,,,,,,,,,,,,,,,,,,,,,,Białołęka,Lidl
"POINT (20.9920136 52.327292)","12908249310",,,,,,,,,,,,,,,,,,,,,,,,,,,,,,,Białołęka,Lidl
"POINT (20.9919791 52.327335)","12908249311",,,,,,,,,,,,,,,,,,,,,,,,,,,,,,,Białołęka,Lidl
"POINT (20.9919768 52.3273343)","12908249312",,,,,,,,,,,,,,,,,,,,,,,,,,,,,,,Białołęka,Lidl
"POINT (20.9919732 52.3273387)","12908249313",,,,,,,,,,,,,,,,,,,,,,,,,,,,,,,Białołęka,Lidl
"POINT (20.9919757 52.3273394)","12908249314",,,,,,,,,,,,,,,,,,,,,,,,,,,,,,,Białołęka,Lidl
"POINT (20.9919413 52.3273824)","12908249315",,,,,,,,,,,,,,,,,,,,,,,,,,,,,,,Białołęka,Lidl
"POINT (20.9919391 52.3273817)","12908249316",,,,,,,,,,,,,,,,,,,,,,,,,,,,,,,Białołęka,Lidl
"POINT (20.9919358 52.3273858)","12908249317",,,,,,,,,,,,,,,,,,,,,,,,,,,,,,,Białołęka,Lidl
"POINT (20.991938 52.3273865)","12908249318",,,,,,,,,,,,,,,,,,,,,,,,,,,,,,,Białołęka,Lidl
"POINT (20.9919034 52.32743)","12908249319",,,,,,,,,,,,,,,,,,,,,,,,,,,,,,,Białołęka,Lidl
"POINT (20.9919012 52.3274293)","12908249320",,,,,,,,,,,,,,,,,,,,,,,,,,,,,,,Białołęka,Lidl
"POINT (20.9918978 52.3274333)","12908249321",,,,,,,,,,,,,,,,,,,,,,,,,,,,,,,Białołęka,Lidl
"POINT (20.9918999 52.327434)","12908249322",,,,,,,,,,,,,,,,,,,,,,,,,,,,,,,Białołęka,Lidl
"POINT (20.9918654 52.3274771)","12908249323",,,,,,,,,,,,,,,,,,,,,,,,,,,,,,,Białołęka,Lidl
"POINT (20.9918633 52.3274765)","12908249324",,,,,,,,,,,,,,,,,,,,,,,,,,,,,,,Białołęka,Lidl
"POINT (20.9918607 52.3274796)","12908249325",,,,,,,,,,,,,,,,,,,,,,,,,,,,,,,Białołęka,Lidl
"POINT (20.9918629 52.3274802)","12908249326",,,,,,,,,,,,,,,,,,,,,,,,,,,,,,,Białołęka,Lidl
"POINT (20.9918275 52.3275244)","12908249327",,,,,,,,,,,,,,,,,,,,,,,,,,,,,,,Białołęka,Lidl
"POINT (20.9918256 52.3275237)","12908249328",,,,,,,,,,,,,,,,,,,,,,,,,,,,,,,Białołęka,Lidl
"POINT (20.9918217 52.327528)","12908249329",,,,,,,,,,,,,,,,,,,,,,,,,,,,,,,Białołęka,Lidl
"POINT (20.9918237 52.3275287)","12908249330",,,,,,,,,,,,,,,,,,,,,,,,,,,,,,,Białołęka,Lidl
"POINT (20.9917897 52.3275717)","12908249331",,,,,,,,,,,,,,,,,,,,,,,,,,,,,,,Białołęka,Lidl
"POINT (20.9917876 52.3275711)","12908249332",,,,,,,,,,,,,,,,,,,,,,,,,,,,,,,Białołęka,Lidl
"POINT (20.9917841 52.3275753)","12908249333",,,,,,,,,,,,,,,,,,,,,,,,,,,,,,,Białołęka,Lidl
"POINT (20.9917863 52.3275759)","12908249334",,,,,,,,,,,,,,,,,,,,,,,,,,,,,,,Białołęka,Lidl
"POINT (20.9917523 52.3276188)","12908249335",,,,,,,,,,,,,,,,,,,,,,,,,,,,,,,Białołęka,Lidl
"POINT (20.9917502 52.3276181)","12908249336",,,,,,,,,,,,,,,,,,,,,,,,,,,,,,,Białołęka,Lidl
"POINT (20.9917465 52.3276221)","12908249337",,,,,,,,,,,,,,,,,,,,,,,,,,,,,,,Białołęka,Lidl
"POINT (20.9917488 52.3276228)","12908249338",,,,,,,,,,,,,,,,,,,,,,,,,,,,,,,Białołęka,Lidl
"POINT (20.9917141 52.3276661)","12908249339",,,,,,,,,,,,,,,,,,,,,,,,,,,,,,,Białołęka,Lidl
"POINT (20.9917121 52.3276655)","12908249340",,,,,,,,,,,,,,,,,,,,,,,,,,,,,,,Białołęka,Lidl
"POINT (20.9917085 52.3276699)","12908249341",,,,,,,,,,,,,,,,,,,,,,,,,,,,,,,Białołęka,Lidl
"POINT (20.9917106 52.3276705)","12908249342",,,,,,,,,,,,,,,,,,,,,,,,,,,,,,,Białołęka,Lidl
"POINT (20.9916763 52.3277133)","12908249343",,,,,,,,,,,,,,,,,,,,,,,,,,,,,,,Białołęka,Lidl
"POINT (20.9916744 52.3277126)","12908249344",,,,,,,,,,,,,,,,,,,,,,,,,,,,,,,Białołęka,Lidl
"POINT (20.9916705 52.327717)","12908249345",,,,,,,,,,,,,,,,,,,,,,,,,,,,,,,Białołęka,Lidl
"POINT (20.9916725 52.3277177)","12908249346",,,,,,,,,,,,,,,,,,,,,,,,,,,,,,,Białołęka,Lidl
"POINT (20.9916399 52.3277584)","12908249347",,,,,,,,,,,,,,,,,,,,,,,,,,,,,,,Białołęka,Lidl
"POINT (20.9916378 52.3277578)","12908249348",,,,,,,,,,,,,,,,,,,,,,,,,,,,,,,Białołęka,Lidl
"POINT (20.9916346 52.3277622)","12908249349",,,,,,,,,,,,,,,,,,,,,,,,,,,,,,,Białołęka,Lidl
"POINT (20.9916367 52.3277628)","12908249350",,,,,,,,,,,,,,,,,,,,,,,,,,,,,,,Białołęka,Lidl
"POINT (20.9916218 52.3277813)","12908249351",,,,,,,,,,,,,,,,,,,,,,,,,,,,,,,Białołęka,Lidl
"POINT (20.9916193 52.3277805)","12908249352",,,,,,,,,,,,,,,,,,,,,,,,,,,,,,,Białołęka,Lidl
"POINT (20.9382692 52.3365061)","13014458284",,,,,,,,,,,,,,,,,,,,,,,,,,,,,,,Białołęka,Lidl
"POINT (20.9383952 52.3363652)","13014458285",,,,,,,,,,,,,,,,,,,,,,,,,,,,,,,Białołęka,Lidl
"POINT (20.9379822 52.3361018)","13014481777",,,,,,,,,,,,,,,,,,,,,,,,,,,,,,,Białołęka,Lidl
"POINT (20.9382876 52.3365397)","13014481830",,,,,,,,,,,,,,,,,,,,,,,,,,,,,,,Białołęka,Lidl
"POINT (20.914491 52.2398691)","1261065763",,,,,,,,,,,,,,,,,,,,,,,,,,,,,,,Bemowo,Lidl
"POINT (20.914549 52.2399052)","1261065788",,,,,,,,,,,,,,,,,,,,,,,,,,,,,,,Bemowo,Lidl
"POINT (20.9144299 52.2399062)","1261065848",,,,,,,,,,,,,,,,,,,,,,,,,,,,,,,Bemowo,Lidl
"POINT (20.913645 52.2401403)","1261065876",,,,,,,,,,,,,,,,,,yes,,,,,,,,,,,,,Bemowo,Lidl
"POINT (20.9393321 52.2510893)","2279178845",,,,,,,,,,,,,,,,,,,,,,,,,,,,,,,Bemowo,Lidl
"POINT (20.8952973 52.2199509)","5018046322",Lidl,,,,,"24",01-321,Kopalniana,,Lidl,Q151954,en:Lidl,,,,,,,,ЛИДЛ,Mo-Sa 06:00-23:00,,,supermarket,,,,,,yes,Bemowo,Lidl
"POINT (20.9388755 52.2513285)","5357640638",,,,,,,,,,,,,,,,,,,,,,,,,,,,,,,Bemowo,Lidl
"POINT (20.9389318 52.2513704)","5357640639",,,,,,,,,,,,,,,,,,,,,,,,,,,,,,,Bemowo,Lidl
"POINT (20.9389808 52.2512727)","5357640640",,,,,,,,,,,,,,,,,,,,,,,,,,,,,,,Bemowo,Lidl
"POINT (20.9390395 52.2513138)","5357640641",,,,,,,,,,,,,,,,,,,,,,,,,,,,,,,Bemowo,Lidl
"POINT (20.9140103 52.2399186)","9135863184",,,,,,,,,,,,,,,,,,,,,,,,,,,,,,,Bemowo,Lidl
"POINT (20.9136727 52.2400644)","9135863185",,,,,,,,,,,,,,,,,,,,,,,,,,,,,,,Bemowo,Lidl
"POINT (20.9135934 52.2401554)","9135863186",,,,,,,,,,,,,,,,,,,,,,,,,,,,,,,Bemowo,Lidl
"POINT (20.9138169 52.2403493)","9135863187",,,,,,,,,,,,,,,,,,,,,,,,,,,,,,,Bemowo,Lidl
"POINT (20.9135538 52.2401795)","9135863188",,,,,,,,,,,,,,,,,,,,,,,,,,,,,,,Bemowo,Lidl
"POINT (20.9142324 52.2397837)","9135863189",,,,,,,,,,,,,,,,,,,,,,,,,,,,,,,Bemowo,Lidl
"POINT (20.9137201 52.2400945)","9135863190",,,,,,,,,,,,,,,,,,,,,,,,,,,,,,,Bemowo,Lidl
"POINT (20.9136632 52.2400583)","9135873152",,,,,,,,,,,,,,,,,,,,,,,,,,,,,,,Bemowo,Lidl
"POINT (20.913669 52.2400669)","9135873190",,,,,,,,,,,,,,,,,,,,,,,,,,,,,,,Bemowo,Lidl
"POINT (20.9136069 52.2401635)","9135873232",,,,,,,,,,,,,,,,,,,,,,,,,,,,,,,Bemowo,Lidl
"POINT (20.9135675 52.2401881)","9135873271",,,,,,,,,,,,,,,,,,,,,,,,,,,,,,,Bemowo,Lidl
"POINT (20.9139941 52.2399284)","9135873291",,,,,,,,,,,,,,,,,,,,,,,,,,,,,,,Bemowo,Lidl
"POINT (20.9136698 52.2400625)","9135873331",,,,,,,,,,,,,,,,,,,,,,,,,,,,,,,Bemowo,Lidl
"POINT (20.9135624 52.2401909)","9135873504",,,,,,,,,,,,,,,,,,,,,,,,,,,,,,,Bemowo,Lidl
"POINT (20.9139365 52.2398927)","9135873528",,,,,,,,,,,,,,,,,,,,,,,,,,,,,,,Bemowo,Lidl
"POINT (20.9136656 52.240065)","9135873564",,,,,,,,,,,,,,,,,,,,,,,,,,,,,,,Bemowo,Lidl
"POINT (20.9383655 52.2512878)","12480866855",,,,,,,,,,,,,,,,,,,,,,,,,,,,,,,Bemowo,Lidl
"POINT (20.9383612 52.2512899)","12480866856",,,,,,,,,,,,,,,,,,,,,,,,,,,,,,,Bemowo,Lidl
"POINT (20.9386089 52.2514688)","12480866857",,,,,,,,,,,,,,,,,,,,,,,,,,,,,,,Bemowo,Lidl
"POINT (20.9390831 52.2509106)","12480866858",,,,,,,,,,,,,,,,,,,,,,,,,,,,,,,Bemowo,Lidl
"POINT (20.9390031 52.2509524)","12480866859",,,,,,,,,,,,,,,,,,,,,,,,,,,,,,,Bemowo,Lidl
"POINT (20.9389507 52.2509147)","12480866860",,,,,,,,,,,,,,,,,,,,,,,,,,,,,,,Bemowo,Lidl
"POINT (20.9387479 52.2510208)","12480866861",,,,,,,,,,,,,,,,,,,,,,,,,,,,,,,Bemowo,Lidl
"POINT (20.9384532 52.2511749)","12480866862",,,,,,,,,,,,,,,,,,,,,,,,,,,,,,,Bemowo,Lidl
"POINT (20.9385079 52.2512133)","12480866863",,,,,,,,,,,,,,,,,,,,,,,,,,,,,,,Bemowo,Lidl
"POINT (20.9384223 52.2512581)","12480866864",,,,,,,,,,,,,,,,,,,,,,,,,,,,,,,Bemowo,Lidl
"POINT (20.9383978 52.2512401)","12480866865",,,,,,,,,,,,,,,,,,,,,,,,,,,,,,,Bemowo,Lidl
"POINT (20.9383409 52.2512699)","12480866866",,,,,,,,,,,,,,,,,,,,,,,,,,,,,,,Bemowo,Lidl
"POINT (20.8787946 52.2161026)","12603410474",,customers,,,,,,,,,,,,,,,sliding,main,,,,,,,,,,,,yes,Bemowo,Lidl
"POINT (20.8789181 52.2161457)","12603410475",,,,,,,,,,,,,,,,,,,,,,,,,,,,,,,Bemowo,Lidl
"POINT (20.878918 52.2161761)","12603410476",,,,,,,,,,,,,,,,,,,,,,,,,,,,,,,Bemowo,Lidl
"POINT (20.8796604 52.216177)","12603410477",,,,,,,,,,,,,,,,,,,,,,,,,,,,,,,Bemowo,Lidl
"POINT (20.8796614 52.2158496)","12603410478",,,,,,,,,,,,,,,,,,,,,,,,,,,,,,,Bemowo,Lidl
"POINT (20.87926 52.2158493)","12603410479",,,,,,,,,,,,,,,,,,,,,,,,,,,,,,,Bemowo,Lidl
"POINT (20.8792598 52.2159421)","12603410480",,,,,,,,,,,,,,,,,,,,,,,,,,,,,,,Bemowo,Lidl
"POINT (20.8787951 52.2159417)","12603410481",,,,,,,,,,,,,,,,,,,,,,,,,,,,,,,Bemowo,Lidl
"POINT (20.8787944 52.2161455)","12603410482",,,,,,,,,,,,,,,,,,,,,,,,,,,,,,,Bemowo,Lidl
